{
  "flame_breath_loop": {
    "sounds": [
      "nameless/bizarro/flame_breath_loop"
    ],
    "category": "player"
  },
  "flame_breath_start": {
    "sounds": [
      "nameless/bizarro/flame_breath_start"
    ]
  },
  "suit.robin.maskclose": {
    "sounds": [
      "nameless/robin/hood_maskclose"
    ],
    "category": "player"
  },
  "suit.robin.maskopen": {
    "sounds": [
      "nameless/robin/hood_maskopen"
    ],
    "category": "player"
  },
  "arctic_vision_loop": {
    "sounds": [
      "nameless/bizarro/arctic_vision_loop"
    ],
    "category": "player"
  },
  "arctic_vision_start": {
    "sounds": [
      "nameless/bizarro/arctic_vision_start"
    ]
  },
  "arctic_vision_stop": {
    "sounds": [
      "nameless/bizarro/arctic_vision_stop"
    ]
  },
  "superhero_landing": {
    "sounds": [
      "nameless/superhero_landing_1"
    ]
  },
  "ps4_enable": {
    "sounds": [
      "nameless/ockps4/enable"
    ]
  },
  "ps4_disable": {
    "sounds": [
      "nameless/ockps4/disable"
    ]
  },
  "ps4_anchor": {
    "sounds": [
      "nameless/ockps4/anchor"
    ]
  },
  "ps4_unachor": {
    "sounds": [
      "nameless/ockps4/unachor"
    ]
  },
  "ps4_jab_start": {
    "sounds": [
      "nameless/ockps4/jab_start"
    ]
  },
  "ps4_grab": {
    "sounds": [
      "nameless/ockps4/grab"
    ]
  },
  "ps4_strike": {
    "sounds": [
      "nameless/ockps4/strike"
    ]
  },
  "venom_enable": {
    "sounds": [
      "nameless/venom90/enable"
    ]
  },
  "venom_disable": {
    "sounds": [
      "nameless/venom90/disable"
    ]
  },
  "quasar_beam_start": {
    "sounds": [
      "nameless/quasar/beam_start"
    ]
  },
  "quasar_beam": {
    "sounds": [
      "nameless/quasar/beam_loop"
    ]
  },
  "quasar_beam_stop": {
    "sounds": [
      "nameless/quasar/beam_stop"
    ]
  },
  "quasar_blast": {
    "sounds": [
      "nameless/quasar/repulsor_blast1"
    ]
  },
  "venom_shoot": {
    "sounds": [
      "nameless/venom90/shoot"
    ]
  },
  "venom_mask_enable": {
    "sounds": [
      "nameless/venom90/mask_enable"
    ]
  },
  "venom_mask_disable": {
    "sounds": [
      "nameless/venom90/mask_disable"
    ]
  },
  "uk_anthem": {
    "sounds": [
      "nameless/uk/anthem"
    ]
  },
  "spider_landing": {
    "sounds":[
      "nameless/default_spider_landing"
    ]
  },
  "backpack_enable": {
    "sounds": [
      "nameless/iron_spider/backpack_enable"
    ],
    "category": "player"
  },
  "backpack_disable": {
    "sounds": [
      "nameless/iron_spider/backpack_disable"
    ],
    "category": "player"
  },
  "tommy_gun_shoot": {
    "category": "player",
    "sounds": [
      "nameless/joker/tommy_gun_shoot_0",
      "nameless/joker/tommy_gun_shoot_1"
    ]
  },
  "minigun.loop": {
    "sounds": [
      "pakgm/minigun_loop"
    ]
  },
  "minigun.spin_loop": {
    "sounds": [
      "pakgm/minigun_spin_loop"
    ]
  },
  "minigun.start_up": {
    "sounds": [
      "pakgm/minigun_start"
    ]
  },
  "minigun.wind_up": {
    "sounds": [
      "pakgm/minigun_wind_start"
    ]
  },
  "minigun.wind_down": {
    "sounds": [
      "pakgm/minigun_wind_stop"
    ]
  }
}