{
  "flame_breath": {
    "sounds": [
      "nh/bizarro/flame_breath"
    ],
    "category": "player"
  },
  "suit.robin.maskclose": {
    "sounds": [
      "nh/robin/hood_maskclose"
    ],
    "category": "player"
  },
  "suit.robin.maskopen": {
    "sounds": [
      "nh/robin/hood_maskopen"
    ],
    "category": "player"
  },
  "arctic_vision_loop": {
    "sounds": [
      "nh/bizarro/arctic_vision_loop"
    ],
    "category": "player"
  },
  "arctic_vision_start": {
    "sounds": [
      "nh/bizarro/arctic_vision_start"
    ]
  },
  "arctic_vision_stop": {
    "sounds": [
      "nh/bizarro/arctic_vision_stop"
    ]
  },
  "superhero_landing": {
    "sounds": [
      "nh/superhero_landing"
    ]
  },
  "minigun.loop": {
    "sounds": [
      "pakgm/minigun_loop"
    ]
  },
  "minigun.spin_loop": {
    "sounds": [
      "pakgm/minigun_spin_loop"
    ]
  },
  "minigun.start_up": {
    "sounds": [
      "pakgm/minigun_start"
    ]
  },
  "minigun.wind_up": {
    "sounds": [
      "pakgm/minigun_wind_start"
    ]
  },
  "minigun.wind_down": {
    "sounds": [
      "pakgm/minigun_wind_stop"
    ]
  }
}