{
  "flame_breath": {
    "sounds": [
      "nh/bizarro/flame_breath"
    ],
    "category": "player"
  },
  "suit.robin.maskclose": {
    "sounds": [
      "nh/robin/hood_maskclose"
    ],
    "category": "player"
  },
  "suit.robin.maskopen": {
    "sounds": [
      "nh/robin/hood_maskopen"
    ],
    "category": "player"
  },
  "arctic_vision_loop": {
    "sounds": [
      "nh/bizarro/arctic_vision_loop"
    ],
    "category": "player"
  },
  "arctic_vision_start": {
    "sounds": [
      "nh/bizarro/arctic_vision_start"
    ]
  },
  "arctic_vision_stop": {
    "sounds": [
      "nh/bizarro/arctic_vision_stop"
    ]
  },
  "superhero_landing": {
    "sounds": [
      "nh/superhero_landing_1"
    ]
  },
  "ps4_enable": {
    "sounds": [
      "nh/ockps4/enable"
    ]
  },
  "ps4_disable": {
    "sounds": [
      "nh/ockps4/disable"
    ]
  },
  "ps4_anchor": {
    "sounds": [
      "nh/ockps4/anchor"
    ]
  },
  "ps4_unachor": {
    "sounds": [
      "nh/ockps4/unachor"
    ]
  },
  "ps4_jab_start": {
    "sounds": [
      "nh/ockps4/jab_start"
    ]
  },
  "ps4_grab": {
    "sounds": [
      "nh/ockps4/grab"
    ]
  },
  "ps4_strike": {
    "sounds": [
      "nh/ockps4/strike"
    ]
  },
  "venom_transform": {
    "sounds": [
      "nh/venom90/transform"
    ]
  },
  "quasar_beam_start": {
    "sounds": [
      "nh/quasar/beam_start"
    ]
  },
  "quasar_beam": {
    "sounds": [
      "nh/quasar/beam_loop"
    ]
  },
  "quasar_beam_stop": {
    "sounds": [
      "nh/quasar/beam_stop"
    ]
  },
  "quasar_blast_cu": {
    "sounds": [
      "nh/quasar/repulsor_charge"
    ]
  },
  "quasar_blast": {
    "sounds": [
      "nh/quasar/repulsor_blast1"
    ]
  },
  "quasar_blast_cd": {
    "sounds": [
      "nh/quasar/repulsor_chargedown"
    ]
  },
  "minigun.loop": {
    "sounds": [
      "pakgm/minigun_loop"
    ]
  },
  "minigun.spin_loop": {
    "sounds": [
      "pakgm/minigun_spin_loop"
    ]
  },
  "minigun.start_up": {
    "sounds": [
      "pakgm/minigun_start"
    ]
  },
  "minigun.wind_up": {
    "sounds": [
      "pakgm/minigun_wind_start"
    ]
  },
  "minigun.wind_down": {
    "sounds": [
      "pakgm/minigun_wind_stop"
    ]
  }
}