{
  "flame_breath": {
    "sounds": [
      "suit/flame_breath"
    ],
    "category": "player"
  },
  "suit.robin.maskclose": {
    "sounds": [
      "suit/robin_hood_maskclose"
    ],
    "category": "player"
  },
  "suit.robin.maskopen": {
    "sounds": [
      "suit/robin_hood_maskopen"
    ],
    "category": "player"
  },
  "superhero_landing": {
    "sounds": [
      "suits/superhero_landing"
    ],
    "category": "player"
  },
  "minigun.loop": {
    "sounds": [
      "pakgm/minigun_loop"
    ]
  },
  "minigun.spin_loop": {
    "sounds": [
      "pakgm/minigun_spin_loop"
    ]
  },
  "minigun.start_up": {
    "sounds": [
      "pakgm/minigun_start"
    ]
  },
  "minigun.wind_up": {
    "sounds": [
      "pakgm/minigun_wind_start"
    ]
  },
  "minigun.wind_down": {
    "sounds": [
      "pakgm/minigun_wind_stop"
    ]
  }
}