{
  "flame_breath_loop": {
    "sounds": [
      "nameless/bizarro/flame_breath_loop"
    ],
    "category": "player"
  },
  "flame_breath_stop": {
    "sounds": [
      "nameless/bizarro/flame_breath_stop"
    ]
  },
  "flame_breath_start": {
    "sounds": [
      "nameless/bizarro/flame_breath_start"
    ]
  },
  "suit.robin.maskclose": {
    "sounds": [
      "nameless/robin/hood_maskclose"
    ],
    "category": "player"
  },
  "suit.robin.maskopen": {
    "sounds": [
      "nameless/robin/hood_maskopen"
    ],
    "category": "player"
  },
  "arctic_vision_loop": {
    "sounds": [
      "nameless/bizarro/arctic_vision_loop"
    ],
    "category": "player"
  },
  "arctic_vision_start": {
    "sounds": [
      "nameless/bizarro/arctic_vision_start"
    ]
  },
  "arctic_vision_stop": {
    "sounds": [
      "nameless/bizarro/arctic_vision_stop"
    ]
  },
  "superhero_landing": {
    "sounds": [
      "nameless/superhero_landing_1"
    ]
  },
  "venom_enable": {
    "sounds": [
      "nameless/venom90/enable"
    ]
  },
  "venom_disable": {
    "sounds": [
      "nameless/venom90/disable"
    ]
  },
  "venom_zip": {
    "sounds": [
      "nameless/venom90/web_zip"
    ]
  },
  "quasar_beam_start": {
    "sounds": [
      "nameless/quasar/beam_start"
    ]
  },
  "quasar_beam": {
    "sounds": [
      "nameless/quasar/beam_loop"
    ]
  },
  "quasar_beam_stop": {
    "sounds": [
      "nameless/quasar/beam_stop"
    ]
  },
  "quasar_blast": {
    "sounds": [
      "nameless/quasar/repulsor_blast1"
    ]
  },
  "venom_shoot": {
    "sounds": [
      "nameless/venom90/shoot"
    ]
  },
  "venom_mask_enable": {
    "sounds": [
      "nameless/venom90/mask_enable"
    ]
  },
  "venom_mask_disable": {
    "sounds": [
      "nameless/venom90/mask_disable"
    ]
  },
  "uk_anthem": {
    "sounds": [
      "nameless/uk/anthem"
    ]
  },
  "default_spider_landing": {
    "sounds":[
      "nameless/default_spider_landing"
    ]
  },
  "backpack_enable": {
    "sounds": [
      "nameless/iron_spider/backpack_enable"
    ],
    "category": "player"
  },
  "backpack_disable": {
    "sounds": [
      "nameless/iron_spider/backpack_disable"
    ],
    "category": "player"
  },
  "waldo_enable": {
    "sounds": [
      "nameless/iron_spider/waldo_enable"
    ],
    "category": "player"
  },
  "waldo_disable": {
    "sounds": [
      "nameless/iron_spider/waldo_disable"
    ],
    "category": "player"
  },
  "tommy_gun_shoot": {
    "category": "player",
    "sounds": [
      "nameless/joker/tommy_gun_shoot_0"
    ]
  },
  "tommy_gun_reload": {
    "sounds": [
      "nameless/joker/tommy_gun_reload"
    ]
  },
  "revolver_shoot": {
    "category": "player",
    "sounds": [
      "nameless/joker/revolver_shoot_0",
      "nameless/joker/revolver_shoot_1"
    ]
  },
  "revolver_reload": {
    "sounds": [
      "nameless/joker/revolver_reload"
    ]
  },
  "revolver_flag_enable": {
    "category": "player",
    "sounds": [
      "nameless/joker/flag_enable"
    ]
  },
  "revolver_flag_disable": {
    "category": "player",
    "sounds": [
      "nameless/joker/flag_disable"
    ]
  },
  "escrima_start": {
    "sounds": [
      "nameless/nightwing/escrima_start"
    ]
  },
  "escrima_loop": {
    "sounds": [
      "nameless/nightwing/escrima_static_loop"
    ]
  },
  "escrima_stop": {
    "sounds": [
      "nameless/nightwing/escrima_stop"
    ]
  },
  "bone_blade_enable": {
    "sounds": [
      "nameless/kaine/bone_blade_enable"
    ]
  },
  "bone_blade_disable": {
    "sounds": [
      "nameless/kaine/bone_blade_disable"
    ]
  },
  "kf_trigger": {
    "sounds": [
      "nameless/kf/mode_trigger"
    ]
  },
  "scotland_anthem": {
    "sounds": [
      "nameless/uk/scotland"
    ]
  },
  "chi_enable": {
    "sounds": [
      "nameless/iron_fist/chi_enable"
    ]
  },
  "chi_loop": {
    "sounds": [
      "nameless/iron_fist/chi_loop"
    ]
  },
  "iron_man_mask_open": {
    "sounds": [
      "nameless/iron_man/mask_open"
    ],
    "category": "player"
  },
  "iron_man_mask_close": {
    "sounds": [
      "nameless/iron_man/mask_close"
    ],
    "category": "player"
  },
  

  "minigun.loop": {
    "sounds": [
      "pakgm/minigun_loop"
    ]
  },
  "minigun.spin_loop": {
    "sounds": [
      "pakgm/minigun_spin_loop"
    ]
  },
  "minigun.start_up": {
    "sounds": [
      "pakgm/minigun_start"
    ]
  },
  "minigun.wind_up": {
    "sounds": [
      "pakgm/minigun_wind_start"
    ]
  },
  "minigun.wind_down": {
    "sounds": [
      "pakgm/minigun_wind_stop"
    ]
  }
}